post_id,user_id,title
1,1,sunt aut facere repellat provident occaecati excepturi optio reprehenderit
2,1,qui est esse
3,1,ea molestias quasi exercitationem repellat qui ipsa sit aut
4,1,eum et est occaecati
5,1,nesciunt quas odio
6,1,dolorem eum magni eos aperiam quia
7,1,magnam facilis autem
8,1,dolorem dolore est ipsam
9,1,nesciunt iure omnis dolorem tempora et accusantium
10,1,optio molestias id quia eum
11,2,et ea vero quia laudantium autem
12,2,in quibusdam tempore odit est dolorem
13,2,dolorum ut in voluptas mollitia et saepe quo animi
14,2,voluptatem eligendi optio
15,2,eveniet quod temporibus
16,2,sint suscipit perspiciatis velit dolorum rerum ipsa laboriosam odio
17,2,fugit voluptas sed molestias voluptatem provident
18,2,voluptate et itaque vero tempora molestiae
19,2,adipisci placeat illum aut reiciendis qui
20,2,doloribus ad provident suscipit at
21,3,asperiores ea ipsam voluptatibus modi minima quia sint
22,3,dolor sint quo a velit explicabo quia nam
23,3,maxime id vitae nihil numquam
24,3,autem hic labore sunt dolores incidunt
25,3,rem alias distinctio quo quis
26,3,est et quae odit qui non
27,3,quasi id et eos tenetur aut quo autem
28,3,delectus ullam et corporis nulla voluptas sequi
29,3,iusto eius quod necessitatibus culpa ea
30,3,a quo magni similique perferendis
